correct@1,correct@3,correct@5,correct@10,rr,ndcg,f1,total,acc@1,acc@5,acc@10,mrr,type
1392.0,1945.0,2078.0,2203.0,1709.1675,54.63181138038635,0.3227693131792843,3334.0,41.75164997577667,62.32753396034241,66.07678532600403,51.264768838882446,vali
1049.0,1760.0,1934.0,2096.0,1447.6409,45.579373836517334,0.21166693254750277,3502.0,29.95431125164032,55.225586891174316,59.85151529312134,41.337546706199646,test
1363.0,1972.0,2107.0,2230.0,1706.6367,54.813987016677856,0.3053151162310664,3334.0,40.8818244934082,63.197362422943115,66.8866217136383,51.188862323760986,vali
1076.0,1759.0,1956.0,2048.0,1463.4102,45.645177364349365,0.21952249886153513,3502.0,30.725300312042236,55.85379600524902,58.480870723724365,41.78783893585205,test
